{"cameraMode":{"drawMode":0,"name":"Shaded","section":"Shading Mode"},"sceneLighting":true,"audioPlay":false,"sceneViewState":{"showFog":false,"showMaterialUpdate":false,"showSkybox":false,"showFlares":false,"showImageEffects":false,"showParticleSystems":false},"in2DMode":false,"pivot":{"x":2.9800000190734865,"y":5.380000114440918,"z":-11.670000076293946},"rotation":{"x":0.15579111874103547,"y":-0.2617983818054199,"z":0.042946115136146548,"w":0.9515252113342285},"size":22.0,"orthographic":false}